"US_News_rank_2025","US_News_rank_2024","Change_in_rank","School","Institution","City","State_Postal","State","Undergraduate.Tuition","Graduate.Tuition","Tuition_rank","Acceptance.Rate","SAT","ACT","Student.Population","Graduation.Rate","Standard","Avg..F","Avg..C","weather_rank_h_l","crime_2018","crime_2019","crime_2020","crime_2021","crime_2022","Reddit_subdirectory","average_sentiment","positive_count","neutral_count","negative_count"
1,1,0,"Princeton University","Princeton","Princeton","NJ","New Jersey",59710,62860,1,0.04,1540,34,8842,0.97,"N.J.",52.7,11.5,22,208.6,"206.7",195.4,183.5,202.9,"princeton",1.17395727365209,576,270,137
2,2,0,"Massachusetts Institute of Technology","MIT","Cambridge","MA","Massachusetts",60156,63393,2,0.05,1550,35,11858,0.94,"Mass.",47.9,8.8,35,340.3,"328.7",308.8,301.1,322,"mit",0.927254098360656,522,289,165
3,3,0,"Harvard University","Harvard","Cambridge","MA","Massachusetts",59076,55440,3,0.03,1550,35,30631,0.97,"Mass.",47.9,8.8,35,340.3,"328.7",308.8,301.1,322,"harvard",1.10601719197708,372,203,123
4,3,1,"Stanford University","Stanford","Stanford","CA","California",62484,59499,4,0.04,1550,35,18283,0.95,"Calif.",59.4,15.2,12,447.5,"442.1",442,481.2,499.5,"stanford",0.864211737629459,436,273,160
5,5,0,"Yale University","Yale","New Haven","CT","Connecticut",64700,48300,5,0.05,1540,34,14776,0.97,"Conn.",49,9.4,29,209.6,"184.6",181.6,168.6,150,"yale",1.09406952965235,556,302,120
11,12,-1,"University of Chicago","University of Chicago","Chicago","IL","Illinois",65619,66543,6,0.05,1550,35,18339,0.95,"Ill.",51.8,11,23,411.4,"415.3",425.9,344.8,287.3,"uchicago",0.771712158808933,410,256,140
6,9,-3,"Johns Hopkins University","Johns Hopkins","Baltimore","MD","Maryland",62840,65956,7,0.08,1550,35,31275,0.94,"Md.",54.2,12.3,20,469.4,"454.4",399.9,435.1,398.5,"jhu",1.25317796610169,564,253,127
10,6,4,"University of Pennsylvania","University of Pennsylvania","Philadelphia","PA","Pennsylvania",66104,46034,8,0.06,1540,35,28201,0.96,"Pa.",48.8,9.3,30,305.4,"306.0",389.5,281.8,279.9,"upenn",0.872863247863248,486,282,168
6,7,-1,"California Institute of Technology","Caltech","Pasadena","CA","California",63255,63063,9,0.03,NA,NA,2401,0.94,"Calif.",59.4,15.2,12,447.5,"442.1",442,481.2,499.5,"caltech",1.29585152838428,521,262,133
6,7,-1,"Duke University","Duke","Durham","NC","North Carolina",65805,63985,10,0.07,1550,34,18023,0.96,"N.C.",59,15,13,356.2,"378.7",419.3,419.5,405.1,"duke",1.02604166666667,517,301,142
6,9,-3,"Northwestern University","Northwestern","Evanston","IL","Illinois",65997,53871,11,0.07,1530,34,23161,0.96,"Ill.",51.8,11,23,411.4,"415.3",425.9,344.8,287.3,"northwestern",0.920121334681496,523,332,134
15,18,-3,"Dartmouth College","Dartmouth","Hanover","NH","New Hampshire",65511,64068,12,0.06,1540,34,6744,0.94,"N.H.",43.8,6.6,42,177.6,"158.1",146.4,129.7,125.6,"dartmouth",0.887931034482759,457,347,124
13,9,4,"Brown University","Brown","Providence","RI","Rhode Island",68230,67006,13,0.05,1540,35,11189,0.94,"R.I.",50.1,10.1,27,219.8,"222.7",230.8,200.5,172.3,"brownu",1.20967741935484,535,323,134
18,18,0,"Vanderbilt University","Vanderbilt","Nashville","TN","Tennessee",63946,56128,14,0.06,1540,35,13710,0.92,"Tenn.",57.6,14.2,14,630.4,"598.9",672.7,671.8,621.6,"vanderbilt",0.885045778229908,491,333,159
18,17,1,"Rice University","Rice","Houston","TX","Texas",58128,54462,15,0.08,1550,35,8672,0.93,"Texas",64.8,18.2,4,412.9,"421.8",446.5,453,431.9,"riceuniversity",0.754295532646048,295,203,84
21,24,-3,"Washington University in St Louis","Washington University in St. Louis","Saint Louis","MO","Missouri",62982,62366,16,0.12,1540,34,17012,0.93,"Mo.",54.5,12.5,18,501.4,"499.6",542.7,524.3,488,"washu",0.847782258064516,466,340,186
11,12,-1,"Cornell University","Cornell","Ithaca","NY","New York",66014,30085,17,0.08,1520,34,25898,0.95,"N.Y.",45.4,7.4,37,350.8,"361.0",363.8,308.3,429.3,"cornell",0.376696832579186,356,326,202
13,12,1,"Columbia University in the City of New York","Columbia","New York","NY","New York",68171,56279,18,0.04,1540,35,34782,0.95,"N.Y.",45.4,7.4,37,350.8,"361.0",363.8,308.3,429.3,"columbia",0.863425925925926,430,265,169
18,20,-2,"University of Notre Dame","Notre Dame","Notre Dame","IN","Indiana",62693,62502,19,0.12,1500,34,13105,0.96,"Ind.",51.7,10.9,25,373.5,"371.5",357.7,332.6,306.2,"notredame",1.10111223458038,549,294,146
17,15,2,"University of California-Berkeley","UC Berkeley","Berkeley","CA","California",45627,30363,20,0.12,NA,NA,45307,0.94,"Calif.",59.4,15.2,12,447.5,"442.1",442,481.2,499.5,"berkeley",0.54524089306698,380,291,180
15,15,0,"University of California-Los Angeles","UCLA","Los Angeles","CA","California",44524,28985,21,0.09,NA,NA,46430,0.92,"Calif.",59.4,15.2,12,447.5,"442.1",442,481.2,499.5,"ucla",0.24,326,361,188
21,24,-3,"Carnegie Mellon University","Carnegie Mellon","Pittsburgh","PA","Pennsylvania",63274,49450,22,0.11,1540,35,16002,0.91,"Pa.",48.8,9.3,30,305.4,"306.0",389.5,281.8,279.9,"cmu",0.931392931392931,523,268,171
24,24,0,"Emory University","Emory","Atlanta","GA","Georgia",60774,47722,23,0.11,1520,33,14841,0.89,"Ga.",63.5,17.5,5,338.9,"326.2",400.1,349.8,367,"emory",0.849498327759197,457,284,156
24,22,2,"Georgetown University","Georgetown","Washington","DC","District of Columbia",65081,59306,24,0.13,1500,33,20984,0.95,"D.C.",NA,NA,NA,997.1,"1,045.2",999.8,951.3,812.3,"georgetown",1.15292096219931,338,161,83
30,35,-5,"New York University","NYU","New York","NY","New York",60438,41124,25,0.09,1530,34,59144,0.87,"N.Y.",45.4,7.4,37,350.8,"361.0",363.8,308.3,429.3,"nyu",0.503267973856209,280,181,151
21,21,0,"University of Michigan-Ann Arbor","University of Michigan","Ann Arbor","MI","Michigan",60107,55052,26,0.18,1470,33,51225,0.93,"Mich.",44.4,6.9,40,452.5,"438.6",478,491.1,461,"uofm",0.619242579324463,446,312,219
27,28,-1,"University of Southern California","USC","Los Angeles","CA","California",68237,68128,27,0.1,1510,33,48945,0.92,"Calif.",59.4,15.2,12,447.5,"442.1",442,481.2,499.5,"usc",0.789036544850498,306,181,115
24,24,0,"University of Virginia-Main Campus","University of Virginia","Charlottesville","VA","Virginia",59633,36198,28,0.17,1490,33,26082,0.95,"Va.",55.1,12.8,17,204.2,"209.4",208.7,225.5,234,"uva",0.918279569892473,488,295,147
30,28,2,"University of Florida","University of Florida","Gainesville","FL","Florida",28659,30130,29,0.24,1390,31,55211,0.9,"Fla.",70.7,21.5,1,385.9,"378.2",383.6,337.3,258.9,"ufl",0.626016260162602,470,302,212
27,22,5,"University of North Carolina at Chapel Hill","UNC Chapel Hill","Chapel Hill","NC","North Carolina",39330,30819,30,0.19,1470,32,31705,0.91,"N.C.",59,15,13,356.2,"378.7",419.3,419.5,405.1,"unc",0.733928571428571,280,174,106
46,47,-1,"Wake Forest University","Wake Forest","Winston-Salem","NC","North Carolina",64758,39350,31,0.22,1460,33,8963,0.89,"N.C.",59,15,13,356.2,"378.7",419.3,419.5,405.1,"wfu",0.798128342245989,346,272,130
37,40,-3,"Tufts University","Tufts","Medford","MA","Massachusetts",67844,49476,32,0.1,1510,34,13431,0.93,"Mass.",47.9,8.8,35,340.3,"328.7",308.8,301.1,322,"tufts",0.984863773965691,519,301,171
39,35,4,"University of California-Santa Barbara","UC Santa Barbara","Santa Barbara","CA","California",45742,29555,33,0.28,NA,NA,26420,0.85,"Calif.",59.4,15.2,12,447.5,"442.1",442,481.2,499.5,"ucsantabarbara",0.43680485338726,402,357,230
33,33,0,"University of California-Irvine","UC Irvine","Irvine","CA","California",45014,29377,34,0.26,NA,NA,35937,0.86,"Calif.",59.4,15.2,12,447.5,"442.1",442,481.2,499.5,"uci",0.195555555555556,329,317,254
29,27,2,"University of California-San Diego","UC San Diego","La Jolla","CA","California",46042,29637,35,0.25,NA,NA,42006,0.87,"Calif.",59.4,15.2,12,447.5,"442.1",442,481.2,499.5,"ucsd",0.517313746065058,422,314,217
37,39,-2,"Boston College","Boston College","Chestnut Hill","MA","Massachusetts",67680,35900,36,0.16,1490,34,15287,0.9,"Mass.",47.9,8.8,35,340.3,"328.7",308.8,301.1,322,"bostoncollege",0.820584144645341,351,266,102
44,47,-3,"University of Rochester","University of Rochester","Rochester","NY","New York",64348,38863,37,0.36,1480,33,12197,0.89,"N.Y.",45.4,7.4,37,350.8,"361.0",363.8,308.3,429.3,"urochester",0.992685475444096,508,313,136
33,28,5,"University of California-Davis","UC Davis","Davis","CA","California",46024,29662,38,0.42,NA,NA,39679,0.86,"Calif.",59.4,15.2,12,447.5,"442.1",442,481.2,499.5,"ucdavis",0.313627254509018,429,303,266
30,32,-2,"The University of Texas at Austin","UT Austin","Austin","TX","Texas",42778,22954,39,0.29,1370,31,52384,0.87,"Texas",64.8,18.2,4,412.9,"421.8",446.5,453,431.9,"utaustin",0.53125,401,245,218
39,35,4,"University of Wisconsin-Madison","University of Wisconsin - Madison","Madison","WI","Wisconsin",40603,25615,40,0.43,1450,30,48956,0.89,"Wis.",43.1,6.2,43,299,"297.1",323.4,325.4,297,"uwmadison",0.843866171003718,407,252,148
41,43,-2,"Boston University","Boston University","Boston","MA","Massachusetts",65168,64712,41,0.11,1470,33,36714,0.88,"Mass.",47.9,8.8,35,340.3,"328.7",308.8,301.1,322,"bostonu",0.453360080240722,415,380,202
33,35,-2,"University of Illinois Urbana-Champaign","University of Illinois - Urbana Champaign","Champaign","IL","Illinois",39192,33640,42,0.44,1410,32,56916,0.84,"Ill.",51.8,11,23,411.4,"415.3",425.9,344.8,287.3,"uiuc",0.870769230769231,455,320,200
33,33,0,"Georgia Institute of Technology-Main Campus","Georgia Tech","Atlanta","GA","Georgia",32876,30646,46,0.16,1450,32,45296,0.92,"Ga.",63.5,17.5,5,338.9,"326.2",400.1,349.8,367,"gatech",0.687755102040816,228,143,119
41,43,-2,"Ohio State University-Main Campus","Ohio State","Columbus","OH","Ohio",38365,41227,49,0.51,1400,31,60540,0.88,"Ohio",50.7,10.4,26,294.8,"296.0",308.8,317.4,293.6,"osu",0.454728370221328,422,340,232
46,47,-1,"University of Georgia","University of Georgia","Athens","GA","Georgia",30220,26576,50,0.37,1270,29,40607,0.88,"Ga.",63.5,17.5,5,338.9,"326.2",400.1,349.8,367,"uga",0.693284936479129,261,169,121
46,47,-1,"Lehigh University","Lehigh","Bethlehem","PA","Pennsylvania",62180,28020,51,0.29,1430,32,7394,0.91,"Pa.",48.8,9.3,30,305.4,"306.0",389.5,281.8,279.9,"lehigh",0.904564315352697,481,319,164
46,43,3,"Purdue University-Main Campus","Purdue","West Lafayette","IN","Indiana",28794,28794,52,0.5,1320,31,51528,0.83,"Ind.",51.7,10.9,25,373.5,"371.5",357.7,332.6,306.2,"purdue",0.350453172205438,416,332,245
41,40,1,"Rutgers University-New Brunswick","Rutgers University - New Brunswick","New Brunswick","NJ","New Jersey",36001,36244,57,0.65,1380,31,50637,0.84,"N.J.",52.7,11.5,22,208.6,"206.7",195.4,183.5,202.9,"rutgers",0.405572755417957,414,349,206
44,46,-2,"University of Maryland-College Park","University of Maryland - College Park","College Park","MD","Maryland",40306,37383,59,0.45,1460,33,40792,0.89,"Md.",54.2,12.3,20,469.4,"454.4",399.9,435.1,398.5,"umd",0.424615384615385,409,319,247
46,40,6,"University of Washington-Seattle Campus","University of Washington","Seattle","WA","Washington",41997,32511,61,0.43,NA,NA,52319,0.84,"Wash.",48.3,9.1,34,315.3,"303.3",293.7,335.7,375.6,"udub",0.753022452504318,269,185,125
